{"AddOrUpdate":{"VCenters":[],"VirtualMachines":[{"VCenterId":"59edbfb4-96e2-4966-8aae-38923fb4a0c1","VCenterFqdn":null,"DataCenterScope":null,"Description":null,"DiskDetails":[],"HostInMaintenanceMode":false,"HostName":null,"HostPowerState":0,"HostVersion":null,"Nics":[],"VMwareToolsStatus":null,"VMwareToolsVersion":null,"ChangeTrackingSupported":false,"ChangeTrackingEnabled":false,"SecureBootEnabled":false,"MaxSnapshots":0,"DiskEnabledUuid":null,"NumberOfSnapshots":null,"AltGuestName":null,"LastUpdatedTimeForDynamicProps":null,"HostProcessorDetails":null,"FabricElementType":"Vm","ID":"502873f7-50a8-5588-8510-4dcc6b3be034","Name":null,"NumberOfProcessorCore":0,"AllocatedMemoryInMB":0,"Firmware":null,"VmConfigurationFileLocation":null,"OSDetails":null,"GuestDetails":{"GuestOSDetails":{"ProductSupportDetails":null,"OSType":"Linux","OSName":"Ubuntu","OSVersion":"20.04","OSArchitecture":"x86_64"},"AppsAndRoles":{"Applications":[{"Name":"Tomcat","Version":"9.0.31.0","Provider":"Apache"},{"Name":"apt","Version":"2.0.11","Provider":"Ubuntu Developers <ubuntu-devel-discuss@lists.ubuntu.com>"},{"Name":"cryptsetup-initramfs","Version":"2:2.2.2-3ubuntu2.5","Provider":"Ubuntu Developers <ubuntu-devel-discuss@lists.ubuntu.com>"},{"Name":"dbus-user-session","Version":"1.12.16-2ubuntu2.3","Provider":"Ubuntu Developers <ubuntu-devel-discuss@lists.ubuntu.com>"},{"Name":"dpkg","Version":"1.19.7ubuntu3.2","Provider":"Ubuntu Developers <ubuntu-devel-discuss@lists.ubuntu.com>"},{"Name":"finalrd","Version":"6~ubuntu20.04.1","Provider":"Dimitri John Ledkov <xnox@ubuntu.com>"},{"Name":"fwupd-signed","Version":"1.51.1~20.04.1+1.4-0ubuntu0.1","Provider":"Ubuntu Developers <ubuntu-devel-discuss@lists.ubuntu.com>"},{"Name":"git","Version":"1:2.25.1-1ubuntu3.14","Provider":"Ubuntu Developers <ubuntu-devel-discuss@lists.ubuntu.com>"},{"Name":"gpg","Version":"2.2.19-3ubuntu2.5","Provider":"Ubuntu Developers <ubuntu-devel-discuss@lists.ubuntu.com>"},{"Name":"java-common","Version":"0.72","Provider":"Ubuntu Developers <ubuntu-devel-discuss@lists.ubuntu.com>"},{"Name":"libeclipse-jdt-core-java","Version":"3.18.0+eclipse4.12-1","Provider":"Ubuntu Developers <ubuntu-devel-discuss@lists.ubuntu.com>"},{"Name":"libpython3.8-minimal","Version":"3.8.10-0ubuntu1~20.04.18","Provider":"Ubuntu Core Developers <ubuntu-devel-discuss@lists.ubuntu.com>"},{"Name":"libpython3.8-stdlib","Version":"3.8.10-0ubuntu1~20.04.18","Provider":"Ubuntu Core Developers <ubuntu-devel-discuss@lists.ubuntu.com>"},{"Name":"libsensors-config","Version":"1:3.6.0-2ubuntu1.1","Provider":"Ubuntu Developers <ubuntu-devel-discuss@lists.ubuntu.com>"},{"Name":"libtcnative-1","Version":"1.2.23-1","Provider":"Ubuntu Developers <ubuntu-devel-discuss@lists.ubuntu.com>"},{"Name":"libtomcat9-java","Version":"9.0.31-1ubuntu0.9","Provider":"Ubuntu Developers <ubuntu-devel-discuss@lists.ubuntu.com>"},{"Name":"logsave","Version":"1.45.5-2ubuntu1.2","Provider":"Ubuntu Developers <ubuntu-devel-discuss@lists.ubuntu.com>"},{"Name":"lxd-agent-loader","Version":"0.4","Provider":"Ubuntu Developers <ubuntu-devel-discuss@lists.ubuntu.com>"},{"Name":"motd-news-config","Version":"11ubuntu5.8","Provider":"Ubuntu Developers <ubuntu-devel-discuss@lists.ubuntu.com>"},{"Name":"open-vm-tools","Version":"2:11.3.0-2ubuntu0~ubuntu20.04.8","Provider":"Ubuntu Developers <ubuntu-devel-discuss@lists.ubuntu.com>"},{"Name":"openjdk-11-jre-headless","Version":"11.0.27+6~us1-0ubuntu1~20.04","Provider":"Ubuntu Developers <ubuntu-devel-discuss@lists.ubuntu.com>"},{"Name":"openjdk-8-jdk","Version":"8u452-ga~us1-0ubuntu1~20.04","Provider":"Ubuntu Developers <ubuntu-devel-discuss@lists.ubuntu.com>"},{"Name":"openjdk-8-jdk-headless","Version":"8u452-ga~us1-0ubuntu1~20.04","Provider":"Ubuntu Developers <ubuntu-devel-discuss@lists.ubuntu.com>"},{"Name":"openjdk-8-jre","Version":"8u452-ga~us1-0ubuntu1~20.04","Provider":"Ubuntu Developers <ubuntu-devel-discuss@lists.ubuntu.com>"},{"Name":"openjdk-8-jre-headless","Version":"8u452-ga~us1-0ubuntu1~20.04","Provider":"Ubuntu Developers <ubuntu-devel-discuss@lists.ubuntu.com>"},{"Name":"packagekit-tools","Version":"1.1.13-2ubuntu1.1","Provider":"Ubuntu Developers <ubuntu-devel-discuss@lists.ubuntu.com>"},{"Name":"pci.ids","Version":"0.0~2020.03.20-1","Provider":"Ubuntu Developers <ubuntu-devel-discuss@lists.ubuntu.com>"},{"Name":"perl","Version":"5.30.0-9ubuntu0.5","Provider":"Ubuntu Developers <ubuntu-devel-discuss@lists.ubuntu.com>"},{"Name":"python3","Version":"3.8.2-0ubuntu2","Provider":"Ubuntu Developers <ubuntu-devel-discuss@lists.ubuntu.com>"},{"Name":"python3.8","Version":"3.8.10-0ubuntu1~20.04.18","Provider":"Ubuntu Core Developers <ubuntu-devel-discuss@lists.ubuntu.com>"},{"Name":"python3.8-minimal","Version":"3.8.10-0ubuntu1~20.04.18","Provider":"Ubuntu Core Developers <ubuntu-devel-discuss@lists.ubuntu.com>"},{"Name":"systemd-timesyncd","Version":"245.4-4ubuntu3.24","Provider":"Ubuntu Developers <ubuntu-devel-discuss@lists.ubuntu.com>"},{"Name":"tomcat9","Version":"9.0.31-1ubuntu0.9","Provider":"Ubuntu Developers <ubuntu-devel-discuss@lists.ubuntu.com>"},{"Name":"tomcat9-common","Version":"9.0.31-1ubuntu0.9","Provider":"Ubuntu Developers <ubuntu-devel-discuss@lists.ubuntu.com>"},{"Name":"tpm-udev","Version":"0.4","Provider":"Ubuntu Developers <ubuntu-devel-discuss@lists.ubuntu.com>"},{"Name":"ubuntu-pro-client","Version":"36ubuntu0~20.04","Provider":"Ubuntu Developers <ubuntu-devel-discuss@lists.ubuntu.com>"},{"Name":"ubuntu-pro-client-l10n","Version":"36ubuntu0~20.04","Provider":"Ubuntu Developers <ubuntu-devel-discuss@lists.ubuntu.com>"},{"Name":"usb.ids","Version":"2020.03.19-1","Provider":"Ubuntu Developers <ubuntu-devel-discuss@lists.ubuntu.com>"},{"Name":"zerofree","Version":"1.1.1-1","Provider":"Ubuntu Developers <ubuntu-devel-discuss@lists.ubuntu.com>"},{"Name":"core20","Version":"20251031","Provider":"canonical**"},{"Name":"snapd","Version":"2.73","Provider":"canonical**"}],"WebApplications":null,"Features":null,"SQLServers":[],"SharePointServers":null,"SystemCenters":null,"BizTalkServers":null,"ExchangeServers":null,"OracleInstances":[],"OtherDatabases":[],"PendingUpdates":[{"UpdateId":"6e69e89b-32bb-45f2-a24c-ac21fd1816f1","UpdateVersion":"37.1ubuntu0~20.04","Title":"ubuntu-pro-client-l10n","Severity":"Other Updates","PublishedDate":"0001-01-01T00:00:00Z"},{"UpdateId":"6d9fdb34-8239-440b-9780-2eee13674281","UpdateVersion":"37.1ubuntu0~20.04","Title":"ubuntu-pro-client","Severity":"Other Updates","PublishedDate":"0001-01-01T00:00:00Z"},{"UpdateId":"4ee38fb0-75ae-42fb-ac80-db789926496d","UpdateVersion":"37.1ubuntu0~20.04","Title":"ubuntu-advantage-tools","Severity":"Other Updates","PublishedDate":"0001-01-01T00:00:00Z"}]}},"PowerStatus":null,"BIOSSerialNumber":null,"BIOSGuid":null,"VmFqdn":null,"AppsAndRolesHydratedRunAsAccountId":"b16be3d7-ee9f-5016-b751-504afc18b961","DependencyMapHydratedRunAsAccountId":null,"SQLHydratedRunAsAccountId":null,"PendingUpdatesHydratedRunAsAccountId":"b16be3d7-ee9f-5016-b751-504afc18b961","AppsAndRolesDiscoveryPipe":"VMware","DependencyMapDiscoveryPipe":"Unknown","SQLMetadataDiscoveryPipe":"Unknown","PendingUpdatesDiscoveryPipe":"VMware","MachineSignature":{"VCenterId":"59edbfb4-96e2-4966-8aae-38923fb4a0c1","FabricElementType":"Vm","ID":"502873f7-50a8-5588-8510-4dcc6b3be034","MetaData":{"EsxiHostFqdn":"10.150.103.167","MachineManager":{"Id":"59edbfb4-96e2-4966-8aae-38923fb4a0c1","Fqdn":"idclab-vcen7.fareast.corp.microsoft.com","RunAsAccountId":"17ba40a9-f2b3-53f7-ba56-3369a2aa2425","Port":"443","Type":""},"AppsAndRolesDiscoveryPipe":"Unknown","DependencyMapDiscoveryPipe":"Unknown","SQLMetadataDiscoveryPipe":"Unknown","PendingUpdatesDiscoveryPipe":"Unknown","IsDependencyMappingEnabled":false,"IsDependencyMappingAutoEnabled":true,"Fqdn":"Airsonic-Frontend","IpAddresses":["10.150.101.47","2404:f801:4800:1c:250:56ff:fea8:4b8c"],"RunAsAccountId":"","AppsAndRolesHydratedRunAsAccountId":"","DependencyMapHydratedRunAsAccountId":"","SQLHydratedRunAsAccountId":"","PendingUpdatesHydratedRunAsAccountId":"","GuestOSType":0,"MachineName":"Airsonic-Frontend","MachineId":"502873f7-50a8-5588-8510-4dcc6b3be034","FabricElementType":"MetaData","HasDependencyMapValidationError":false,"DependencyMapValidationErrors":[]}},"ShallowDiscoveryDataPerPartner":null,"TotalFreeSpaceOfAllVMDisksInGB":0.0,"CriticalAndSecurityUpdatesCount":0},{"VCenterId":"59edbfb4-96e2-4966-8aae-38923fb4a0c1","VCenterFqdn":null,"DataCenterScope":null,"Description":null,"DiskDetails":[],"HostInMaintenanceMode":false,"HostName":null,"HostPowerState":0,"HostVersion":null,"Nics":[],"VMwareToolsStatus":null,"VMwareToolsVersion":null,"ChangeTrackingSupported":false,"ChangeTrackingEnabled":false,"SecureBootEnabled":false,"MaxSnapshots":0,"DiskEnabledUuid":null,"NumberOfSnapshots":null,"AltGuestName":null,"LastUpdatedTimeForDynamicProps":null,"HostProcessorDetails":null,"FabricElementType":"Vm","ID":"5028e15d-6781-12b1-3ad7-157ff1e02e0b","Name":null,"NumberOfProcessorCore":0,"AllocatedMemoryInMB":0,"Firmware":null,"VmConfigurationFileLocation":null,"OSDetails":null,"GuestDetails":{"GuestOSDetails":{"ProductSupportDetails":null,"OSType":"Linux","OSName":"Ubuntu","OSVersion":"20.04","OSArchitecture":"x86_64"},"AppsAndRoles":{"Applications":[{"Name":"apt","Version":"2.0.11","Provider":"Ubuntu Developers <ubuntu-devel-discuss@lists.ubuntu.com>"},{"Name":"cryptsetup-initramfs","Version":"2:2.2.2-3ubuntu2.5","Provider":"Ubuntu Developers <ubuntu-devel-discuss@lists.ubuntu.com>"},{"Name":"dbus-user-session","Version":"1.12.16-2ubuntu2.3","Provider":"Ubuntu Developers <ubuntu-devel-discuss@lists.ubuntu.com>"},{"Name":"dpkg","Version":"1.19.7ubuntu3.2","Provider":"Ubuntu Developers <ubuntu-devel-discuss@lists.ubuntu.com>"},{"Name":"finalrd","Version":"6~ubuntu20.04.1","Provider":"Dimitri John Ledkov <xnox@ubuntu.com>"},{"Name":"fwupd-signed","Version":"1.51.1~20.04.1+1.4-0ubuntu0.1","Provider":"Ubuntu Developers <ubuntu-devel-discuss@lists.ubuntu.com>"},{"Name":"git","Version":"1:2.25.1-1ubuntu3.14","Provider":"Ubuntu Developers <ubuntu-devel-discuss@lists.ubuntu.com>"},{"Name":"gpg","Version":"2.2.19-3ubuntu2.5","Provider":"Ubuntu Developers <ubuntu-devel-discuss@lists.ubuntu.com>"},{"Name":"jq","Version":"1.6-1ubuntu0.20.04.1","Provider":"Ubuntu Developers <ubuntu-devel-discuss@lists.ubuntu.com>"},{"Name":"libjq1","Version":"1.6-1ubuntu0.20.04.1","Provider":"Ubuntu Developers <ubuntu-devel-discuss@lists.ubuntu.com>"},{"Name":"libpam-cap","Version":"1:2.32-1ubuntu0.2","Provider":"Ubuntu Developers <ubuntu-devel-discuss@lists.ubuntu.com>"},{"Name":"libpython3.8-minimal","Version":"3.8.10-0ubuntu1~20.04.18","Provider":"Ubuntu Core Developers <ubuntu-devel-discuss@lists.ubuntu.com>"},{"Name":"libpython3.8-stdlib","Version":"3.8.10-0ubuntu1~20.04.18","Provider":"Ubuntu Core Developers <ubuntu-devel-discuss@lists.ubuntu.com>"},{"Name":"libsensors-config","Version":"1:3.6.0-2ubuntu1.1","Provider":"Ubuntu Developers <ubuntu-devel-discuss@lists.ubuntu.com>"},{"Name":"logsave","Version":"1.45.5-2ubuntu1.2","Provider":"Ubuntu Developers <ubuntu-devel-discuss@lists.ubuntu.com>"},{"Name":"lxd-agent-loader","Version":"0.4","Provider":"Ubuntu Developers <ubuntu-devel-discuss@lists.ubuntu.com>"},{"Name":"motd-news-config","Version":"11ubuntu5.8","Provider":"Ubuntu Developers <ubuntu-devel-discuss@lists.ubuntu.com>"},{"Name":"open-vm-tools","Version":"2:11.3.0-2ubuntu0~ubuntu20.04.8","Provider":"Ubuntu Developers <ubuntu-devel-discuss@lists.ubuntu.com>"},{"Name":"packagekit-tools","Version":"1.1.13-2ubuntu1.1","Provider":"Ubuntu Developers <ubuntu-devel-discuss@lists.ubuntu.com>"},{"Name":"pci.ids","Version":"0.0~2020.03.20-1","Provider":"Ubuntu Developers <ubuntu-devel-discuss@lists.ubuntu.com>"},{"Name":"perl","Version":"5.30.0-9ubuntu0.5","Provider":"Ubuntu Developers <ubuntu-devel-discuss@lists.ubuntu.com>"},{"Name":"postgresql","Version":"12+214ubuntu0.1","Provider":"Ubuntu Developers <ubuntu-devel-discuss@lists.ubuntu.com>"},{"Name":"postgresql-12","Version":"12.22-0ubuntu0.20.04.4","Provider":"Ubuntu Developers <ubuntu-devel-discuss@lists.ubuntu.com>"},{"Name":"postgresql-client-12","Version":"12.22-0ubuntu0.20.04.4","Provider":"Ubuntu Developers <ubuntu-devel-discuss@lists.ubuntu.com>"},{"Name":"postgresql-client-common","Version":"214ubuntu0.1","Provider":"Ubuntu Developers <ubuntu-devel-discuss@lists.ubuntu.com>"},{"Name":"postgresql-common","Version":"214ubuntu0.1","Provider":"Ubuntu Developers <ubuntu-devel-discuss@lists.ubuntu.com>"},{"Name":"postgresql-contrib","Version":"12+214ubuntu0.1","Provider":"Ubuntu Developers <ubuntu-devel-discuss@lists.ubuntu.com>"},{"Name":"python3","Version":"3.8.2-0ubuntu2","Provider":"Ubuntu Developers <ubuntu-devel-discuss@lists.ubuntu.com>"},{"Name":"python3.8","Version":"3.8.10-0ubuntu1~20.04.18","Provider":"Ubuntu Core Developers <ubuntu-devel-discuss@lists.ubuntu.com>"},{"Name":"python3.8-minimal","Version":"3.8.10-0ubuntu1~20.04.18","Provider":"Ubuntu Core Developers <ubuntu-devel-discuss@lists.ubuntu.com>"},{"Name":"systemd-timesyncd","Version":"245.4-4ubuntu3.24","Provider":"Ubuntu Developers <ubuntu-devel-discuss@lists.ubuntu.com>"},{"Name":"tpm-udev","Version":"0.4","Provider":"Ubuntu Developers <ubuntu-devel-discuss@lists.ubuntu.com>"},{"Name":"ubuntu-pro-client","Version":"36ubuntu0~20.04","Provider":"Ubuntu Developers <ubuntu-devel-discuss@lists.ubuntu.com>"},{"Name":"ubuntu-pro-client-l10n","Version":"36ubuntu0~20.04","Provider":"Ubuntu Developers <ubuntu-devel-discuss@lists.ubuntu.com>"},{"Name":"usb.ids","Version":"2020.03.19-1","Provider":"Ubuntu Developers <ubuntu-devel-discuss@lists.ubuntu.com>"},{"Name":"zerofree","Version":"1.1.1-1","Provider":"Ubuntu Developers <ubuntu-devel-discuss@lists.ubuntu.com>"},{"Name":"core20","Version":"20251031","Provider":"canonical**"},{"Name":"snapd","Version":"2.73","Provider":"canonical**"}],"WebApplications":null,"Features":null,"SQLServers":[],"SharePointServers":null,"SystemCenters":null,"BizTalkServers":null,"ExchangeServers":null,"OracleInstances":[],"OtherDatabases":[{"DatabaseType":"Postgres Database","Instance":null,"Version":"postgres (PostgreSQL) 12.22 (Ubuntu 12.22-0ubuntu0.20.04.4)"}],"PendingUpdates":[{"UpdateId":"940912c4-871b-4b3a-99f4-901224e8ab1a","UpdateVersion":"37.1ubuntu0~20.04","Title":"ubuntu-pro-client-l10n","Severity":"Other Updates","PublishedDate":"0001-01-01T00:00:00Z"},{"UpdateId":"9e00ea60-22b1-4a70-bb2c-101708da6609","UpdateVersion":"37.1ubuntu0~20.04","Title":"ubuntu-pro-client","Severity":"Other Updates","PublishedDate":"0001-01-01T00:00:00Z"},{"UpdateId":"bdea626c-77fb-4c90-849e-5ba1f1786707","UpdateVersion":"37.1ubuntu0~20.04","Title":"ubuntu-advantage-tools","Severity":"Other Updates","PublishedDate":"0001-01-01T00:00:00Z"}]}},"PowerStatus":null,"BIOSSerialNumber":null,"BIOSGuid":null,"VmFqdn":null,"AppsAndRolesHydratedRunAsAccountId":"b16be3d7-ee9f-5016-b751-504afc18b961","DependencyMapHydratedRunAsAccountId":null,"SQLHydratedRunAsAccountId":null,"PendingUpdatesHydratedRunAsAccountId":"b16be3d7-ee9f-5016-b751-504afc18b961","AppsAndRolesDiscoveryPipe":"VMware","DependencyMapDiscoveryPipe":"Unknown","SQLMetadataDiscoveryPipe":"Unknown","PendingUpdatesDiscoveryPipe":"VMware","MachineSignature":{"VCenterId":"59edbfb4-96e2-4966-8aae-38923fb4a0c1","FabricElementType":"Vm","ID":"5028e15d-6781-12b1-3ad7-157ff1e02e0b","MetaData":{"EsxiHostFqdn":"10.150.103.167","MachineManager":{"Id":"59edbfb4-96e2-4966-8aae-38923fb4a0c1","Fqdn":"idclab-vcen7.fareast.corp.microsoft.com","RunAsAccountId":"17ba40a9-f2b3-53f7-ba56-3369a2aa2425","Port":"443","Type":""},"AppsAndRolesDiscoveryPipe":"Unknown","DependencyMapDiscoveryPipe":"Unknown","SQLMetadataDiscoveryPipe":"Unknown","PendingUpdatesDiscoveryPipe":"Unknown","IsDependencyMappingEnabled":false,"IsDependencyMappingAutoEnabled":true,"Fqdn":"Airsonic-Backend","IpAddresses":["10.150.101.46","2404:f801:4800:1c:250:56ff:fea8:6da1"],"RunAsAccountId":"","AppsAndRolesHydratedRunAsAccountId":"","DependencyMapHydratedRunAsAccountId":"","SQLHydratedRunAsAccountId":"","PendingUpdatesHydratedRunAsAccountId":"","GuestOSType":0,"MachineName":"Airsonic-Backend","MachineId":"5028e15d-6781-12b1-3ad7-157ff1e02e0b","FabricElementType":"MetaData","HasDependencyMapValidationError":false,"DependencyMapValidationErrors":[]}},"ShallowDiscoveryDataPerPartner":null,"TotalFreeSpaceOfAllVMDisksInGB":0.0,"CriticalAndSecurityUpdatesCount":0}],"Hosts":[],"RunAsAccounts":[],"Errors":[]},"Delete":{"VCenters":[],"VirtualMachines":[],"Hosts":[],"RunAsAccounts":[],"Errors":[]},"UpdateType":"OnDemand","Source":"RefreshFabricLayoutGuest","ServiceInitiatedJobId":"e44392e4-9ccc-4500-b0c3-0bb306c70c32"}