{"AddOrUpdate":{"VCenters":[{"Fqdn":"idclab-vcen7.fareast.corp.microsoft.com","Id":"59edbfb4-96e2-4966-8aae-38923fb4a0c1","InstanceUuid":"59edbfb4-96e2-4966-8aae-38923fb4a0c1","Version":"7.0.3","PerfStatisticsLevel":"[{\"Level\":3,\"Name\":\"past day\",\"Enabled\":true,\"SamplingPeriod\":300,\"TimeLength\":86400},{\"Level\":2,\"Name\":\"past week\",\"Enabled\":true,\"SamplingPeriod\":1800,\"TimeLength\":604800},{\"Level\":1,\"Name\":\"past month\",\"Enabled\":true,\"SamplingPeriod\":7200,\"TimeLength\":2592000},{\"Level\":1,\"Name\":\"past year\",\"Enabled\":false,\"SamplingPeriod\":86400,\"TimeLength\":7776000}]","FabricElementType":"VCenter"}],"VirtualMachines":[{"VCenterId":"59edbfb4-96e2-4966-8aae-38923fb4a0c1","VCenterFqdn":"idclab-vcen7.fareast.corp.microsoft.com","DataCenterScope":"AzureMigrate-TestBed","Description":"","DiskDetails":[{"Label":"Hard disk 1","Uuid":"6000C290-42b7-46df-fcc1-85614b9eecfe","DiskProvisioningPolicy":"ThickProvisioned","DiskScrubbingPolicy":"LazilyScrubbed","DiskMode":"persistent","ControllerType":"VirtualLsiLogicController","Name":"scsi0:0","MaxSizeInBytes":"34359738368","UsedSpaceInBytes":"0","UsedSpaceInBytesV2":"10737418240","DiskType":"Static","Lun":0,"Path":"[IDCLAB-T113-1TB Storage] supersonic-db-srv/supersonic-db-srv.vmdk","IsOSDisk":true,"LogicalSectorSizeInBytes":"0"}],"HostInMaintenanceMode":false,"HostName":"10.150.103.167","HostPowerState":2,"HostVersion":"7.0.3","Nics":[{"Label":"Network adapter 1","AdapterType":"VirtualVmxnet3","NicId":"4000","NetworkName":"VM Network","IpAddressList":["10.150.101.47","2404:f801:4800:1c:250:56ff:fea8:4b8c"],"MacAddress":"00:50:56:a8:4b:8c","IpAddressType":"Static"}],"VMwareToolsStatus":"OK","VMwareToolsVersion":"11360","ChangeTrackingSupported":true,"ChangeTrackingEnabled":true,"SecureBootEnabled":false,"MaxSnapshots":-1,"DiskEnabledUuid":"no","NumberOfSnapshots":0,"AltGuestName":"ubuntu64Guest","LastUpdatedTimeForDynamicProps":null,"HostProcessorDetails":{"Name":"Intel(R) Xeon(R) Gold 5220R CPU @ 2.20GHz","NumberOfSockets":2,"NumberOfCoresPerSocket":24},"FabricElementType":"Vm","ID":"502873f7-50a8-5588-8510-4dcc6b3be034","Name":"Airsonic-Frontend","NumberOfProcessorCore":2,"AllocatedMemoryInMB":4096,"Firmware":"bios","VmConfigurationFileLocation":"[IDCLAB-T113-1TB Storage] supersonic-db-srv/supersonic-db-srv.vmx","OSDetails":{"OSType":"linuxGuest","OSName":"Ubuntu Linux (64-bit)","OSVersion":null,"OSArchitecture":null},"GuestDetails":null,"PowerStatus":"ON","BIOSSerialNumber":"422802ed-3aba-3048-c5e6-a0fb1e06eb11","BIOSGuid":"422802ed-3aba-3048-c5e6-a0fb1e06eb11","VmFqdn":"Airsonic-Frontend","AppsAndRolesHydratedRunAsAccountId":null,"DependencyMapHydratedRunAsAccountId":null,"SQLHydratedRunAsAccountId":null,"PendingUpdatesHydratedRunAsAccountId":null,"AppsAndRolesDiscoveryPipe":"Unknown","DependencyMapDiscoveryPipe":"Unknown","SQLMetadataDiscoveryPipe":"Unknown","PendingUpdatesDiscoveryPipe":"Unknown","MachineSignature":null,"ShallowDiscoveryDataPerPartner":null,"TotalFreeSpaceOfAllVMDisksInGB":23.0,"CriticalAndSecurityUpdatesCount":0},{"VCenterId":"59edbfb4-96e2-4966-8aae-38923fb4a0c1","VCenterFqdn":"idclab-vcen7.fareast.corp.microsoft.com","DataCenterScope":"AzureMigrate-TestBed","Description":"","DiskDetails":[{"Label":"Hard disk 1","Uuid":"6000C295-2e04-3319-0520-3fc536f90d17","DiskProvisioningPolicy":"ThickProvisioned","DiskScrubbingPolicy":"LazilyScrubbed","DiskMode":"persistent","ControllerType":"VirtualLsiLogicController","Name":"scsi0:0","MaxSizeInBytes":"34359738368","UsedSpaceInBytes":"0","UsedSpaceInBytesV2":"9663676416","DiskType":"Static","Lun":0,"Path":"[IDCLAB-T113-1TB Storage] supersonic-web-srv/supersonic-web-srv.vmdk","IsOSDisk":true,"LogicalSectorSizeInBytes":"0"}],"HostInMaintenanceMode":false,"HostName":"10.150.103.167","HostPowerState":2,"HostVersion":"7.0.3","Nics":[{"Label":"Network adapter 1","AdapterType":"VirtualVmxnet3","NicId":"4000","NetworkName":"VM Network","IpAddressList":["10.150.101.46","2404:f801:4800:1c:250:56ff:fea8:6da1"],"MacAddress":"00:50:56:a8:6d:a1","IpAddressType":"Static"}],"VMwareToolsStatus":"OK","VMwareToolsVersion":"11360","ChangeTrackingSupported":true,"ChangeTrackingEnabled":true,"SecureBootEnabled":false,"MaxSnapshots":-1,"DiskEnabledUuid":"no","NumberOfSnapshots":0,"AltGuestName":"ubuntu64Guest","LastUpdatedTimeForDynamicProps":null,"HostProcessorDetails":{"Name":"Intel(R) Xeon(R) Gold 5220R CPU @ 2.20GHz","NumberOfSockets":2,"NumberOfCoresPerSocket":24},"FabricElementType":"Vm","ID":"5028e15d-6781-12b1-3ad7-157ff1e02e0b","Name":"Airsonic-Backend","NumberOfProcessorCore":2,"AllocatedMemoryInMB":4096,"Firmware":"bios","VmConfigurationFileLocation":"[IDCLAB-T113-1TB Storage] supersonic-web-srv/supersonic-web-srv.vmx","OSDetails":{"OSType":"linuxGuest","OSName":"Ubuntu Linux (64-bit)","OSVersion":null,"OSArchitecture":null},"GuestDetails":null,"PowerStatus":"ON","BIOSSerialNumber":"4228267e-87fc-0b3c-a782-964e766b140b","BIOSGuid":"4228267e-87fc-0b3c-a782-964e766b140b","VmFqdn":"Airsonic-Backend","AppsAndRolesHydratedRunAsAccountId":null,"DependencyMapHydratedRunAsAccountId":null,"SQLHydratedRunAsAccountId":null,"PendingUpdatesHydratedRunAsAccountId":null,"AppsAndRolesDiscoveryPipe":"Unknown","DependencyMapDiscoveryPipe":"Unknown","SQLMetadataDiscoveryPipe":"Unknown","PendingUpdatesDiscoveryPipe":"Unknown","MachineSignature":null,"ShallowDiscoveryDataPerPartner":null,"TotalFreeSpaceOfAllVMDisksInGB":24.0,"CriticalAndSecurityUpdatesCount":0}],"Hosts":[{"VCenterId":"59edbfb4-96e2-4966-8aae-38923fb4a0c1","HostName":"10.150.103.167","DatastoreDetailsCollection":[],"FabricElementType":"Host","Id":"4c4c4544-0053-3410-8047-c3c04f393333"}],"RunAsAccounts":[],"Errors":[]},"Delete":{"VCenters":[],"VirtualMachines":[],"Hosts":[],"RunAsAccounts":[],"Errors":[]},"UpdateType":"OnDemand","Source":"RefreshFabricLayout","ServiceInitiatedJobId":"f05b0a02-1343-4bc3-8c43-b6e7f9bca928"}