{"AddOrUpdate":{"VCenters":[],"VirtualMachines":[],"Hosts":[],"RunAsAccounts":[{"AccountId":"17ba40a9-f2b3-53f7-ba56-3369a2aa2425","AccountName":"idcscopedvCente","CredentialType":"VMwareFabric","FabricElementType":"RunAsAccount"},{"AccountId":"b825c644-2341-55f2-9e70-5f8171ed4a3a","AccountName":"migrategpluser","CredentialType":"VMwareFabric","FabricElementType":"RunAsAccount"},{"AccountId":"ffbe7dc6-4325-580c-896c-9a2de5c77fd1","AccountName":"commonuser","CredentialType":"VMwareFabric","FabricElementType":"RunAsAccount"},{"AccountId":"b16be3d7-ee9f-5016-b751-504afc18b961","AccountName":"Linux1","CredentialType":"LinuxGuest","FabricElementType":"RunAsAccount"}],"Errors":[]},"Delete":{"VCenters":[],"VirtualMachines":[],"Hosts":[],"RunAsAccounts":[],"Errors":[]},"UpdateType":"OnDemand","Source":"RefreshFabricLayout","ServiceInitiatedJobId":"0921b354-624d-4490-a1df-7827ac891370"}