{"AddOrUpdate":{"VCenters":[],"VirtualMachines":[{"VCenterId":"59edbfb4-96e2-4966-8aae-38923fb4a0c1","VCenterFqdn":null,"DataCenterScope":null,"Description":null,"DiskDetails":[],"HostInMaintenanceMode":false,"HostName":null,"HostPowerState":0,"HostVersion":null,"Nics":[],"VMwareToolsStatus":null,"VMwareToolsVersion":null,"ChangeTrackingSupported":false,"ChangeTrackingEnabled":false,"SecureBootEnabled":false,"MaxSnapshots":0,"DiskEnabledUuid":null,"NumberOfSnapshots":null,"AltGuestName":null,"LastUpdatedTimeForDynamicProps":null,"HostProcessorDetails":null,"FabricElementType":"Vm","ID":"502873f7-50a8-5588-8510-4dcc6b3be034","Name":null,"NumberOfProcessorCore":0,"AllocatedMemoryInMB":0,"Firmware":null,"VmConfigurationFileLocation":null,"OSDetails":null,"GuestDetails":null,"PowerStatus":null,"BIOSSerialNumber":null,"BIOSGuid":null,"VmFqdn":null,"AppsAndRolesHydratedRunAsAccountId":null,"DependencyMapHydratedRunAsAccountId":null,"SQLHydratedRunAsAccountId":null,"PendingUpdatesHydratedRunAsAccountId":null,"AppsAndRolesDiscoveryPipe":"Unknown","DependencyMapDiscoveryPipe":"Unknown","SQLMetadataDiscoveryPipe":"Unknown","PendingUpdatesDiscoveryPipe":"Unknown","MachineSignature":null,"ShallowDiscoveryDataPerPartner":[{"PartnerType":7,"MachineIdToDiscoveryTargetsResultMap":{"502873f7-50a8-5588-8510-4dcc6b3be034":[{"HydratedRunAsAccountID":"b16be3d7-ee9f-5016-b751-504afc18b961","HydratedIPAddressOrFqdn":"Airsonic-Frontend","ApplianceName":null,"DiscoveryPipe":1,"Result":"{}\n","Errors":[],"IsDeleted":false,"MachineDisplayName":"Airsonic-Frontend","MachineFqdn":"Airsonic-Frontend","FqdnAndIpAddressList":["Airsonic-Frontend","Airsonic-Frontend","10.150.101.47","2404:f801:4800:1c:250:56ff:fea8:4b8c"]}]}},{"PartnerType":5,"MachineIdToDiscoveryTargetsResultMap":{"502873f7-50a8-5588-8510-4dcc6b3be034":[{"HydratedRunAsAccountID":"b16be3d7-ee9f-5016-b751-504afc18b961","HydratedIPAddressOrFqdn":"Airsonic-Frontend","ApplianceName":null,"DiscoveryPipe":1,"Result":"{\"armResources\" :[]}\n","Errors":[],"IsDeleted":false,"MachineDisplayName":"Airsonic-Frontend","MachineFqdn":"Airsonic-Frontend","FqdnAndIpAddressList":["Airsonic-Frontend","Airsonic-Frontend","10.150.101.47","2404:f801:4800:1c:250:56ff:fea8:4b8c"]}]}}],"TotalFreeSpaceOfAllVMDisksInGB":0.0,"CriticalAndSecurityUpdatesCount":0},{"VCenterId":"59edbfb4-96e2-4966-8aae-38923fb4a0c1","VCenterFqdn":null,"DataCenterScope":null,"Description":null,"DiskDetails":[],"HostInMaintenanceMode":false,"HostName":null,"HostPowerState":0,"HostVersion":null,"Nics":[],"VMwareToolsStatus":null,"VMwareToolsVersion":null,"ChangeTrackingSupported":false,"ChangeTrackingEnabled":false,"SecureBootEnabled":false,"MaxSnapshots":0,"DiskEnabledUuid":null,"NumberOfSnapshots":null,"AltGuestName":null,"LastUpdatedTimeForDynamicProps":null,"HostProcessorDetails":null,"FabricElementType":"Vm","ID":"5028e15d-6781-12b1-3ad7-157ff1e02e0b","Name":null,"NumberOfProcessorCore":0,"AllocatedMemoryInMB":0,"Firmware":null,"VmConfigurationFileLocation":null,"OSDetails":null,"GuestDetails":null,"PowerStatus":null,"BIOSSerialNumber":null,"BIOSGuid":null,"VmFqdn":null,"AppsAndRolesHydratedRunAsAccountId":null,"DependencyMapHydratedRunAsAccountId":null,"SQLHydratedRunAsAccountId":null,"PendingUpdatesHydratedRunAsAccountId":null,"AppsAndRolesDiscoveryPipe":"Unknown","DependencyMapDiscoveryPipe":"Unknown","SQLMetadataDiscoveryPipe":"Unknown","PendingUpdatesDiscoveryPipe":"Unknown","MachineSignature":null,"ShallowDiscoveryDataPerPartner":[{"PartnerType":5,"MachineIdToDiscoveryTargetsResultMap":{"5028e15d-6781-12b1-3ad7-157ff1e02e0b":[{"HydratedRunAsAccountID":"b16be3d7-ee9f-5016-b751-504afc18b961","HydratedIPAddressOrFqdn":"Airsonic-Backend","ApplianceName":null,"DiscoveryPipe":1,"Result":"{\"armResources\" :[]}\n","Errors":[],"IsDeleted":false,"MachineDisplayName":"Airsonic-Backend","MachineFqdn":"Airsonic-Backend","FqdnAndIpAddressList":["Airsonic-Backend","Airsonic-Backend","10.150.101.46","2404:f801:4800:1c:250:56ff:fea8:6da1"]}]}},{"PartnerType":7,"MachineIdToDiscoveryTargetsResultMap":{"5028e15d-6781-12b1-3ad7-157ff1e02e0b":[{"HydratedRunAsAccountID":"b16be3d7-ee9f-5016-b751-504afc18b961","HydratedIPAddressOrFqdn":"Airsonic-Backend","ApplianceName":null,"DiscoveryPipe":1,"Result":"{\"armResources\" :[{\"type\": \"microsoft.applicationmigration/pgsqlsites/pgsqlinstances\", \"name\": \"__PARTNER_SITE_NAME__/99394434046798928394743489873401\", \"properties\": { \"portNumber\": \"5432\", \"hostName\": \"Airsonic-Backend\", \"machineArmIds\": [\"__MACHINE_ARM_ID__\"], \"hostIp\": [\"10.150.101.46\"], \"version\": \"12.22\", \"supportStatus\": \"OutOfSupport\", \"endOfSupportDate\": \"2024-11-21\", \"hostMachineProperties\": { \"vCores\": \"2\",\"allocatedMemoryInMb\": \"3919\",\"totalStorageInGb\": \"33\",\"pgInstanceCount\": \"1\" }, \"softwareAttributes\": { \"softwareName\": \"postgresql-12\", \"providerName\": \"Ubuntu Developers <ubuntu-devel-discuss@lists.ubuntu.com>\", \"softwareVersion\": \"12.22-0ubuntu0.20.04.4\", \"softwareId\": \"__SOFTWARE_ID__\" }}}]}\n","Errors":[],"IsDeleted":false,"MachineDisplayName":"Airsonic-Backend","MachineFqdn":"Airsonic-Backend","FqdnAndIpAddressList":["Airsonic-Backend","Airsonic-Backend","10.150.101.46","2404:f801:4800:1c:250:56ff:fea8:6da1"]}]}}],"TotalFreeSpaceOfAllVMDisksInGB":0.0,"CriticalAndSecurityUpdatesCount":0}],"Hosts":[],"RunAsAccounts":[],"Errors":[]},"Delete":{"VCenters":[],"VirtualMachines":[],"Hosts":[],"RunAsAccounts":[],"Errors":[]},"UpdateType":"OnDemand","Source":"RefreshPartnerShallowDiscovery","ServiceInitiatedJobId":"f4831f87-cb69-4461-9d73-0c8fbca39d06"}