{"AddOrUpdate":{"TomcatWebApplicationDetails":[{"FabricElementType":"TomcatWebApplication","ApacheTomcatWebServer":{"FabricElementType":"TomcatWebServer","Services":[{"Name":"Catalina","Connectors":[{"Bindings":[{"Protocol":"HTTP/1.1","HostName":"localhost","Port":"8080","IPAddress":"10.150.101.47"}]}],"Engine":{"Name":"Catalina","Hosts":[{"Name":"localhost","AppBasePath":"/usr/share/tomcat9/webapps","AppBase":"webapps"}]}}],"CatalinaHome":"/usr/share/tomcat9","JVMVersion":"11.0.27","SessionPersistenceMechanism":"","IsClusteringPresent":false,"IsMemoryRealmPresent":true,"IsSessionTrackingPresent":false,"IsAccessLogValvePresent":true,"MaxMemoryUsageInMb":"512m","Id":"c0b58405-1441-5107-8668-ee8328ec4d2d","MachineLinkId":":59edbfb4-96e2-4966-8aae-38923fb4a0c1_502873f7-50a8-5588-8510-4dcc6b3be034","Name":null,"Fqdn":"10.150.101.47","RootConfigurationLocation":null,"HydratedRunAsAccountId":"b16be3d7-ee9f-5016-b751-504afc18b961","Version":"9.0.31","ApplicationIds":["8f875893-556a-50c7-8f2d-1530815c2a0d"],"HostName":"Airsonic-Frontend","OperatingSystemDetails":{"OSType":"Linux","OSName":"Ubuntu","OSVersion":"20.04","OSArchitecture":"x86_64"}},"HasDatabaseDependency":false,"IsExternalLoggingConfigured":false,"Id":"8f875893-556a-50c7-8f2d-1530815c2a0d","Name":"airsonic","WebServerId":"c0b58405-1441-5107-8668-ee8328ec4d2d","WebServerName":"Airsonic-Frontend","Directories":[{"Id":null,"IsEditable":false,"SourcePaths":["/usr/share/tomcat9/conf/server.xml","/usr/share/tomcat9/lib","/usr/share/tomcat9/webapps/airsonic"],"LocalScratchPath":"C:\\ProgramData\\Microsoft Azure Migrate App Containerization\\10.150.101.47\\TomcatWebApps\\Catalina\\localhost\\airsonic\\ContainerFileSystem","MountPath":null,"SourceSize":null}],"Configurations":[],"Path":null,"Bindings":[{"Protocol":"HTTP/1.1","HostName":"localhost","Port":"8080","IPAddress":"10.150.101.47"}],"PrimaryFramework":null,"DiscoveredFrameworks":[{"Name":"JVM","Version":"11.0.27"}],"StaticFolders":["/usr/share/tomcat9/webapps/airsonic/WEB-INF/classes/org/airsonic/player/dao/schema","/usr/share/tomcat9/webapps/airsonic/WEB-INF/classes/org/airsonic/player/service/search/analysis","/usr/share/tomcat9/webapps/airsonic/style/smoothness/images","/usr/share/tomcat9/webapps/airsonic/icons/monochrome","/usr/share/tomcat9/webapps/airsonic/icons/cast","/usr/share/tomcat9/webapps/airsonic/icons/hd","/usr/share/tomcat9/webapps/airsonic/icons/video","/usr/share/tomcat9/webapps/airsonic/script/jquery.toastmessage/css"],"MachineDisplayName":"Airsonic-Frontend","supportStatus":0,"SoftwareAttributes":{"softwareName":"openjdk-11-jre-headless","providerName":"Ubuntu Developers <ubuntu-devel-discuss@lists.ubuntu.com>","softwareVersion":"11.0.27+6~us1-0ubuntu1~20.04","softwareId":"__SOFTWARE_ID__","customProperties":null}}],"TomcatWebServerDetails":[{"FabricElementType":"TomcatWebServer","Services":[{"Name":"Catalina","Connectors":[{"Bindings":[{"Protocol":"HTTP/1.1","HostName":"localhost","Port":"8080","IPAddress":"10.150.101.47"}]}],"Engine":{"Name":"Catalina","Hosts":[{"Name":"localhost","AppBasePath":"/usr/share/tomcat9/webapps","AppBase":"webapps"}]}}],"CatalinaHome":"/usr/share/tomcat9","JVMVersion":"11.0.27","SessionPersistenceMechanism":"","IsClusteringPresent":false,"IsMemoryRealmPresent":true,"IsSessionTrackingPresent":false,"IsAccessLogValvePresent":true,"MaxMemoryUsageInMb":"512m","Id":"c0b58405-1441-5107-8668-ee8328ec4d2d","MachineLinkId":":59edbfb4-96e2-4966-8aae-38923fb4a0c1_502873f7-50a8-5588-8510-4dcc6b3be034","Name":null,"Fqdn":"10.150.101.47","RootConfigurationLocation":null,"HydratedRunAsAccountId":"b16be3d7-ee9f-5016-b751-504afc18b961","Version":"9.0.31","ApplicationIds":["8f875893-556a-50c7-8f2d-1530815c2a0d"],"HostName":"Airsonic-Frontend","OperatingSystemDetails":{"OSType":"Linux","OSName":"Ubuntu","OSVersion":"20.04","OSArchitecture":"x86_64"}}],"IISWebApplicationDetails":[],"IISWebServerDetails":[],"MachineDetails":[{"MachineLinkId":":59edbfb4-96e2-4966-8aae-38923fb4a0c1_502873f7-50a8-5588-8510-4dcc6b3be034","RunAsAccountId":null,"HydratedRunAsAccount":"b16be3d7-ee9f-5016-b751-504afc18b961","HostName":"10.150.101.47","NumberOfWebServers":1,"NumberOfWebApplications":1,"FabricElementType":"Server","PartialDiscoveryErrorDetails":null}],"RunAsAccounts":[],"Errors":[]},"Delete":{"IISWebApplications":[],"IISWebServers":[],"TomcatWebApplications":[],"TomcatWebServers":[],"TargetMachines":[],"RunAsAccounts":[],"Errors":[]},"UpdateType":"OnDemand","Source":"RefreshFabricLayout","ServiceInitiatedJobId":"5eb36c96-eb03-40b2-a055-8c79e6beaa55"}